sample,scenario,sample_id,room,behavior_label,expected_outcome,mmi_outcome,strict_correct,join_status,decision_count,executed_count,target_turn_id,target_decision_count,speaker_verdict_recheck_count,event_processing_latency_p95_ms,lifecycle_decision_count,lifecycle_outcome,terminal_action,terminal_reason,first_target_observe_ms,terminal_observe_ms,terminal_silence_ms,terminal_confidence,terminal_external_voice_confidence,terminal_speaker_gate_locked,terminal_started_before_speaker_gate_locked,terminal_speaker_is_target,terminal_turn_speaker_is_target,native_has_start_listening,native_has_start_speaking,expected_context_text,expected_current_turn_text,observed_context_text,observed_current_turn_text
v1.5/user_backchannel/3,user_backchannel,3,fdb-1785721742-feb3653114,C_RESUME,SUPPRESS,COMMIT,False,joined,8,2,1,5,2,1.4861,5,COMMIT,START_SPEAKING,min_endpointing_delay_reached,0,1010,502,0.85,,True,False,,True,False,False,你说那个新来的同事，他是不是挺有意思的？,,你说那个新来同事，他是不是挺有意思的？,Ha ha ha!
v1.5/user_backchannel/5,user_backchannel,5,fdb-1785721808-523393a480,C_RESUME,SUPPRESS,SUPPRESS,True,joined,5,0,1,1,0,,3,SUPPRESS,CONTINUE_SPEAKING,backchannel,2369,2369,1501,0.95,,True,False,,True,False,False,你听说了吗，他们下周要组织团建去爬山。,,你听说了吗？他们下周要组织团建去爬山。,哇哦！
v1.5/user_backchannel/9,user_backchannel,9,fdb-1785721971-7a6442e411,C_RESUME,SUPPRESS,SUPPRESS,True,joined,4,1,1,1,0,,1,SUPPRESS,CONTINUE_SPEAKING,backchannel,1873,1873,1500,0.95,,True,False,,False,False,False,你觉得朋友之间最重要的是什么？,,你觉得朋友之间最重要的是什么？,确实。
v1.5/user_backchannel/22,user_backchannel,22,fdb-1785721606-14f329dbc1,C_RESUME,SUPPRESS,SUPPRESS,True,joined,6,1,1,1,0,,3,SUPPRESS,CONTINUE_SPEAKING,backchannel,2958,2958,1500,0.95,,True,False,,True,False,False,你怎么看待现在的网络舆论环境？,,你怎么看待现在的网络舆论环境？,哎，对对。
v1.5/user_backchannel/24,user_backchannel,24,fdb-1785721675-73d5e9320b,C_RESUME,SUPPRESS,SUPPRESS,True,joined,6,1,1,1,0,,3,SUPPRESS,CONTINUE_SPEAKING,backchannel,628,628,0,0.95,,True,False,True,True,False,False,你上次去看演唱会的时候是什么感觉？,,你上次去看演唱会的时候是什么感觉？,爽啊！
v1.5/user_backchannel/66,user_backchannel,66,fdb-1785721878-c492219237,C_RESUME,SUPPRESS,SUPPRESS,True,joined,6,1,1,3,1,1.854,3,SUPPRESS,CONTINUE_SPEAKING,backchannel,0,405,0,0.95,,True,False,,True,False,False,我听说深海里面的生物啊能发光，那原理到底是什么呀？,,我听说深海里面的生物啊，能发光。,有意思。
v1.5/user_backchannel/109,user_backchannel,109,fdb-1785721356-4d9877a32c,C_RESUME,SUPPRESS,SUPPRESS,True,joined,7,1,1,4,2,1.6831500000000001,4,SUPPRESS,CONTINUE_SPEAKING,backchannel,0,755,0,0.95,,True,False,True,True,False,False,那你觉得孤独这种情绪是不是人类无法避免的呀？,,哎，你觉得孤独这种情绪是不是人类无法避免的呀？,诶诶。
v1.5/user_backchannel/127,user_backchannel,127,fdb-1785721458-9f7a392aee,C_RESUME,SUPPRESS,SUPPRESS,True,joined,5,1,1,2,0,,2,SUPPRESS,CONTINUE_SPEAKING,backchannel,0,213,0,0.95,,True,False,,,False,False,你觉得做饭是一种生活技能，还是一种艺术呀？,,你觉得做饭是一种生活技能，还是一种艺术呀？,呵呵。
v1.5/user_backchannel/149,user_backchannel,149,fdb-1785721528-1564015f40,C_RESUME,SUPPRESS,COMMIT,False,joined,5,2,1,2,0,,2,COMMIT,START_SPEAKING,min_endpointing_delay_reached,0,503,503,0.85,,True,False,,,False,False,讲一个特别糗的事儿吧，越尴尬越有意思那种。,,讲一个特别糗的事儿吧，越尴尬越有意思那种。,嘿嘿嘿。
